OP_UNIQUE_CARRIER,flights,known_departure_delay,mean_dep_delay,median_dep_delay,delayed_15_rate,delayed_30_rate,cancelled_rate,diverted_rate
WN,139151,137989,12.84103080680344,0.0,0.24499054272442006,0.1451492510272558,0.008515928739283224,0.002393083772304906
DL,102171,101063,11.542067819083146,-3.0,0.1943837012556524,0.1292461138101976,0.01126542756750937,0.002515390864335281
AA,97464,95799,19.36707063748056,-2.0,0.2518293510370672,0.1776636499337154,0.017791184437330708,0.0029651974062217847
OO,83988,82869,12.812523380274891,-4.0,0.18461668416416271,0.1364563346969313,0.013585274086774301,0.0033814354431585467
UA,80048,79432,12.183490280995064,-3.0,0.19086766038876019,0.1308918320072515,0.008320007995202877,0.0030356785928442936
YX,34684,33631,9.822782551812317,-4.0,0.18013142636258214,0.12857185334958818,0.03229154653442509,0.0014992503748125937
MQ,29917,29282,9.280855132846117,-3.0,0.18543815313161668,0.12007376545317942,0.02252899689139954,0.002473510044456329
AS,24600,24295,7.887960485696645,-2.0,0.20847911092817453,0.11961308911298621,0.01361788617886179,0.002682926829268293
OH,24594,23531,21.114402277846246,-4.0,0.25965747312056436,0.19429688496026518,0.04509229893469952,0.002805562332276165
B6,23058,22689,16.337388161664244,-2.0,0.2513993565163736,0.1784565207809952,0.016653655997918293,0.00351288056206089
F9,19908,19577,19.95295499821219,-3.0,0.2686315574398529,0.19814067528221893,0.01763110307414105,0.002109704641350211
NK,19599,19313,12.43778801843318,-3.0,0.2093408584891006,0.14705120903018692,0.01525588040206133,0.0017858053982346038
G4,13130,13070,15.325707727620506,-4.0,0.23550114766641164,0.1618974751338944,0.004722010662604722,0.0031226199543031227
HA,7849,7785,7.943609505459216,-1.0,0.15208734746307,0.0766859344894027,0.008536119250859982,0.0011466428844438782
