DEST,flights,known_departure_delay,mean_dep_delay,median_dep_delay,delayed_15_rate,delayed_30_rate,cancelled_rate,diverted_rate
ORD,32908,32339,15.51423977241102,-4.0,0.20266551222981538,0.14632487089891463,0.01808070985778534,0.002886836027713626
DEN,31940,31664,13.659139717028802,-2.0,0.21668140474987369,0.14868620515411823,0.008954289292423293,0.0050407013149655604
DFW,31383,30515,18.39849254465017,-3.0,0.22982139931181386,0.16447648697361952,0.02858235350348915,0.004907115317209955
ATL,31193,30674,13.144943600443373,-2.0,0.19602921040620722,0.13105561713503291,0.01679864072067451,0.002628794921937614
PHX,19789,19654,12.402411722804517,-2.0,0.19965401444998473,0.1275058512262135,0.0071757036737581485,0.001920258729597251
CLT,19395,19070,14.645988463555323,-4.0,0.19585736759307815,0.13770319874147877,0.017427171951533902,0.0010311936065996391
LAX,18921,18791,11.11484221169709,-3.0,0.1918471608748869,0.12431483156830397,0.006923524126631784,0.0005813646213202262
LAS,18176,18055,11.491276654666297,-1.0,0.21894212129603988,0.13708114095818333,0.0068772007042253525,0.0013754401408450703
SEA,16380,16215,8.725624421831638,-3.0,0.1885291396854764,0.11495528831329016,0.010927960927960927,0.0018925518925518926
MCO,15800,15622,15.4028293432339,-1.0,0.22877992574574318,0.15407758289591603,0.011835443037974683,0.004177215189873418
SFO,14637,14523,13.908834262893341,-2.0,0.22674378571920403,0.15155270949528335,0.008471681355469017,0.0012297601967616314
BOS,14362,14121,17.12251256993131,-2.0,0.2602506904610155,0.1907796898236669,0.01733741818688205,0.0013229355243002368
DCA,14319,13844,17.699797746316094,-3.0,0.24646056053163826,0.1750216700375614,0.034359941336685525,0.0056568196103079825
LGA,13677,13295,17.483264385107184,-2.0,0.2440015043249342,0.17608123354644603,0.03026979600789647,0.004021349711193976
DTW,12248,12124,12.160508083140877,-4.0,0.19721214120752226,0.13543385021445067,0.010450685826257348,0.001061397779229262
EWR,12120,11853,21.499029781489917,-2.0,0.2578250232008774,0.19691217413313086,0.023762376237623763,0.0042904290429042905
IAH,11831,11676,11.473535457348406,-3.0,0.18388146625556698,0.12512846865364852,0.0134392697151551,0.0026202349759107428
SLC,11519,11457,7.216112420354369,-4.0,0.16138605219516453,0.10028803351662739,0.005556037850507857,0.0007813178227276674
MIA,11165,11034,16.22040964292188,-2.0,0.21125611745513867,0.14328439369222404,0.011733094491715182,0.0027765338110165697
MSP,11133,11037,11.362779740871614,-4.0,0.17695025822234303,0.12548699827851773,0.00889248181083266,0.0014371687775083086
BNA,10595,10472,12.680290297937356,-1.0,0.22335752482811305,0.142379679144385,0.012269938650306749,0.002737140160453044
JFK,10468,10260,16.034697855750487,-2.0,0.22543859649122808,0.15662768031189084,0.02072984333205961,0.003534581581964081
PHL,9953,9747,19.06248076331179,-3.0,0.24561403508771928,0.17225813070688417,0.021300110519441376,0.001708027730332563
SAN,9742,9647,11.103037213641546,-1.0,0.22214159842438064,0.14108012853736912,0.010264832683227263,0.0034900431122972695
BWI,9586,9446,11.663667160702943,-1.0,0.21649375396993437,0.1291551979673936,0.014604631754642187,0.0012518255789693302
FLL,8960,8825,15.170198300283285,-1.0,0.2378470254957507,0.15671388101983003,0.015848214285714285,0.002455357142857143
AUS,8482,8414,13.19919182315189,-1.0,0.2378179225101022,0.1559305918706917,0.008488564017920301,0.001886347559537845
TPA,7959,7868,14.248983223182512,-2.0,0.22953736654804271,0.15137264870360956,0.01193617288604096,0.0018846588767433095
MDW,7487,7413,12.503574801025225,0.0,0.22622420072845,0.13624713341427222,0.010017363429945239,0.003873380526245492
DAL,7189,7064,12.241789354473386,0.0,0.22904869762174404,0.1363250283125708,0.017387675615523717,0.005981360411740158
STL,6476,6402,12.37238363011559,-1.0,0.2330521711965011,0.14526710402999063,0.012198888202594195,0.002007411982705374
PDX,6140,6098,8.760413250245982,-2.0,0.19776976057723844,0.12299114463758609,0.007328990228013029,0.0008143322475570033
SMF,5816,5781,10.758346306867324,-1.0,0.22020411693478636,0.1333679294239751,0.006189821182943604,0.000171939477303989
HNL,5753,5709,8.262567875284638,-2.0,0.1488877211420564,0.08039936941671046,0.008169650617069354,0.0020858682426560054
IAD,5740,5671,10.16311056251102,-3.0,0.1680479633221654,0.11197319696702522,0.012717770034843206,0.0012195121951219512
RDU,5635,5551,12.660241397946317,-2.0,0.22284273103945235,0.1529454152404972,0.015794143744454304,0.0005323868677905945
HOU,5443,5376,12.075892857142858,0.0,0.24051339285714285,0.14006696428571427,0.013044277053095719,0.004225610876354952
MSY,5057,4978,11.602049015668943,-2.0,0.22016874246685417,0.13981518682201688,0.016017401621514733,0.0013842198932173225
IND,4802,4726,14.052687261955143,-2.0,0.22873465933135845,0.15298349555649599,0.017284464806330696,0.0010412328196584756
MCI,4746,4683,13.904121289771513,-1.0,0.24343369634849454,0.15994020926756353,0.014959966287399916,0.0029498525073746312
SJC,4713,4689,9.3787587971849,-2.0,0.2143314139475368,0.12156110044785669,0.005304476978569913,0.000848716316571186
SNA,4471,4429,8.956875141115376,-2.0,0.21020546398735607,0.1314066380672838,0.0093938716170879,0.0038022813688212928
CMH,4460,4391,12.134365748121157,-2.0,0.22158961512184014,0.14051468913687087,0.016143497757847534,0.0011210762331838565
PIT,4338,4281,13.040644709180098,-2.0,0.2307871992525111,0.15673907965428638,0.01313969571230982,0.0004610419548178884
SAT,4221,4175,14.080958083832336,-1.0,0.24910179640718563,0.15952095808383235,0.01089789149490642,0.003079838900734423
CLE,4073,4010,14.399501246882792,-2.0,0.23566084788029926,0.16184538653366584,0.016940829855143627,0.0009820770930518046
SJU,3668,3640,16.24065934065934,-1.0,0.2445054945054945,0.16813186813186815,0.008178844056706653,0.0029989094874591058
OAK,3498,3471,10.808700662633246,0.0,0.2397003745318352,0.14001728608470182,0.007718696397941681,0.0002858776443682104
RSW,3490,3449,11.632357204986953,-2.0,0.21484488257465933,0.1478689475210206,0.01174785100286533,0.0040114613180515755
CVG,3313,3262,14.985898221949723,-2.0,0.24034334763948498,0.15910484365419988,0.016299426501660125,0.0027165710836100213
BUR,3172,3138,11.629381771829191,-2.0,0.22339069471000636,0.14404079031230083,0.011664564943253467,0.0028373266078184113
PBI,3068,3032,14.735817941952506,-2.0,0.23054089709762532,0.16226912928759896,0.011734028683181226,0.002607561929595828
JAX,2817,2772,16.05808080808081,-2.0,0.2532467532467532,0.16558441558441558,0.01703940362087327,0.0007099751508697196
MKE,2789,2739,14.845564074479737,-1.0,0.24863088718510407,0.17123037604965316,0.01972032986733596,0.00035855145213338117
ONT,2586,2557,12.555729370355886,-1.0,0.2389518967540086,0.1490027375831052,0.01160092807424594,0.0019334880123743233
OGG,2541,2526,5.698733174980206,-2.0,0.1278701504354711,0.06730007917656373,0.006296733569460842,0.0023612750885478157
ABQ,2514,2490,11.189156626506024,-2.0,0.2353413654618474,0.15261044176706828,0.00954653937947494,0.002386634844868735
CHS,2495,2453,11.477374643293926,-3.0,0.20994700366897676,0.13942111699959234,0.017234468937875752,0.0012024048096192384
OMA,2490,2459,13.714111427409517,-1.0,0.24359495729971534,0.16185441236274908,0.01285140562248996,0.001606425702811245
OKC,2437,2403,15.21598002496879,-1.0,0.2513524760715772,0.17103620474406991,0.014361920393926959,0.005744768157570784
BOI,2409,2403,9.969205160216395,-2.0,0.20474406991260924,0.12609238451935081,0.0024906600249066002,0.0016604400166044002
MEM,2393,2347,16.303365999147847,-2.0,0.2509586706433745,0.17554324669791224,0.0192227329711659,0.0012536564981195152
BDL,2351,2319,12.768434670116429,-1.0,0.23717119448037946,0.15739542906425183,0.014036580178647383,0.002552105487026797
SDF,2169,2127,13.657733897508228,-2.0,0.22614010343206395,0.14903620122237893,0.0198248040571692,0.0036883356385431073
RNO,2151,2134,12.723992502343018,-2.0,0.24554826616682288,0.15557638238050608,0.008833100883310088,0.0041841004184100415
BUF,2088,2056,16.120136186770427,-1.0,0.26653696498054474,0.1819066147859922,0.018199233716475097,0.0004789272030651341
TUS,2075,2059,11.070908207867896,-2.0,0.20106847984458476,0.131617289946576,0.00819277108433735,0.0009638554216867469
ORF,1940,1901,13.480799579168858,-2.0,0.23671751709626512,0.1557075223566544,0.020618556701030927,0.0005154639175257732
ANC,1933,1899,8.82780410742496,-1.0,0.21221695629278567,0.11848341232227488,0.018623900672529746,0.0031039834454216243
SAV,1862,1838,13.908052230685527,-2.0,0.22415669205658323,0.15070729053318824,0.014500537056928034,0.001611170784103115
GEG,1855,1848,9.670995670995671,-2.0,0.21374458874458874,0.12391774891774891,0.00431266846361186,0.0005390835579514825
RIC,1852,1814,14.069459757442116,-1.0,0.2607497243660419,0.18081587651598677,0.021058315334773217,0.0010799136069114472
TUL,1820,1797,15.209237618252644,-2.0,0.23650528658875905,0.17250973845297718,0.013186813186813187,0.0027472527472527475
GRR,1815,1794,13.793199554069119,-2.0,0.23244147157190637,0.14938684503901895,0.011570247933884297,0.001652892561983471
SRQ,1733,1714,12.376312718786464,-3.0,0.2117852975495916,0.14352392065344224,0.010963646855164455,0.004039238315060588
ELP,1712,1694,12.150531286894923,-1.0,0.24144037780401417,0.1576151121605667,0.011098130841121495,0.0011682242990654205
BHM,1676,1649,15.41904184354154,-2.0,0.24317768344451182,0.16009702850212248,0.017303102625298328,0.002386634844868735
LGB,1638,1635,9.191437308868501,-1.0,0.21957186544342508,0.11559633027522936,0.002442002442002442,0.0006105006105006105
LIH,1610,1604,3.8584788029925186,-2.0,0.12094763092269327,0.06109725685785536,0.004347826086956522,0.002484472049689441
KOA,1500,1496,5.929812834224599,-2.0,0.14304812834224598,0.0748663101604278,0.0026666666666666666,0.0006666666666666666
PVD,1500,1477,14.721733243060257,-1.0,0.24509140148950576,0.16384563303994584,0.016,0.0013333333333333333
PSP,1498,1492,10.306300268096514,-3.0,0.18565683646112602,0.13136729222520108,0.004005340453938585,0.0006675567423230974
DSM,1493,1474,15.726594301221168,-2.0,0.22455902306648576,0.15264586160108548,0.013395847287340924,0.0020093770931011385
GSP,1452,1420,17.017605633802816,-2.0,0.24929577464788732,0.18309859154929578,0.024104683195592287,0.0027548209366391185
MYR,1435,1409,11.896380411639461,-3.0,0.22427253371185238,0.1540099361249113,0.018815331010452963,0.0013937282229965157
PNS,1371,1335,13.027715355805244,-2.0,0.23071161048689137,0.16254681647940075,0.0262582056892779,0.005835156819839533
TYS,1366,1341,19.39373601789709,-2.0,0.25801640566741235,0.18419090231170768,0.019765739385065886,0.0
FAT,1344,1339,11.322628827483197,-2.0,0.21657953696788648,0.1441374159820762,0.003720238095238095,0.0
MSN,1326,1294,17.061823802163833,-2.0,0.26197836166924265,0.1839258114374034,0.024886877828054297,0.0007541478129713424
COS,1290,1279,17.85144644253323,0.0,0.27130570758405004,0.18686473807662235,0.008527131782945736,0.003875968992248062
XNA,1271,1251,11.144684252597921,-3.0,0.18864908073541167,0.1286970423661071,0.01809598741148702,0.004720692368214005
ALB,1249,1229,13.389747762408462,0.0,0.27339300244100895,0.1643612693246542,0.016012810248198558,0.0016012810248198558
LIT,1239,1220,12.919672131147541,-1.0,0.23770491803278687,0.15,0.01694915254237288,0.0008071025020177562
SYR,1101,1072,14.845149253731343,-2.0,0.251865671641791,0.18003731343283583,0.02633969118982743,0.0018165304268846503
ICT,1092,1075,14.468837209302325,-2.0,0.2241860465116279,0.15627906976744185,0.015567765567765568,0.004578754578754579
PWM,1078,1052,11.179657794676807,-3.0,0.21863117870722434,0.15399239543726237,0.02504638218923933,0.0
VPS,1074,1055,16.28341232227488,-3.0,0.24739336492890995,0.17440758293838862,0.0186219739292365,0.002793296089385475
HPN,1061,1040,12.919230769230769,-3.0,0.2423076923076923,0.1596153846153846,0.022620169651272386,0.013195098963242224
AVL,1058,1047,13.952244508118433,-3.0,0.23686723973256923,0.17382999044890163,0.011342155009451797,0.000945179584120983
SFB,1035,1027,27.27263875365141,2.0,0.3602726387536514,0.2590068159688413,0.007729468599033816,0.003864734299516908
BZN,1033,1027,9.584225900681597,-2.0,0.19182083739045763,0.11976630963972736,0.005808325266214908,0.008712487899322363
GSO,1030,1006,11.766401590457257,-2.0,0.2147117296222664,0.14910536779324055,0.024271844660194174,0.0
ROC,996,964,16.20539419087137,-1.0,0.2676348547717842,0.18983402489626555,0.03313253012048193,0.004016064257028112
PIE,974,973,19.93627954779034,-2.0,0.2744090441932169,0.19527235354573483,0.001026694045174538,0.003080082135523614
MAF,944,923,14.098591549295774,-2.0,0.23943661971830985,0.1668472372697725,0.022245762711864406,0.00423728813559322
LEX,941,921,14.230184581976113,-3.0,0.24538545059717698,0.17046688382193267,0.022316684378320937,0.005313496280552604
SGF,924,906,11.239514348785871,-2.0,0.19757174392935983,0.1357615894039735,0.01948051948051948,0.006493506493506494
ECP,910,890,11.585393258426967,-2.0,0.21797752808988763,0.1449438202247191,0.024175824175824177,0.0032967032967032967
SBA,847,837,11.439665471923536,-2.0,0.20430107526881722,0.13739545997610514,0.012987012987012988,0.009445100354191263
HSV,845,821,17.638246041412913,-3.0,0.2570036540803898,0.19853836784409257,0.028402366863905324,0.0
EUG,836,832,10.03485576923077,-3.0,0.1778846153846154,0.11177884615384616,0.004784688995215311,0.0011961722488038277
CID,819,805,12.504347826086956,-2.0,0.2111801242236025,0.14037267080745341,0.017094017094017096,0.004884004884004884
PGD,804,803,13.813200498132005,-5.0,0.23163138231631383,0.1569115815691158,0.0012437810945273632,0.009950248756218905
EYW,795,784,7.114795918367347,-4.0,0.1568877551020408,0.09693877551020408,0.013836477987421384,0.007547169811320755
DAY,774,764,20.43979057591623,-2.0,0.28664921465968585,0.2107329842931937,0.014211886304909561,0.0
SBN,766,754,20.550397877984086,-3.0,0.2493368700265252,0.1830238726790451,0.016971279373368148,0.0013054830287206266
FSD,758,746,15.052278820375335,-2.0,0.25335120643431636,0.17828418230563003,0.017150395778364115,0.0
FAR,742,734,18.354223433242506,-2.0,0.23433242506811988,0.1566757493188011,0.01078167115902965,0.0026954177897574125
ILM,741,719,12.741307371349096,-3.0,0.2141863699582754,0.14603616133518776,0.03508771929824561,0.001349527665317139
ATW,729,722,18.098337950138504,-2.0,0.2257617728531856,0.1703601108033241,0.010973936899862825,0.00411522633744856
ASE,706,689,20.730043541364296,-3.0,0.21915820029027577,0.15965166908563136,0.025495750708215296,0.036827195467422094
FWA,694,686,19.556851311953352,-3.0,0.2565597667638484,0.19825072886297376,0.011527377521613832,0.002881844380403458
JAC,672,668,13.595808383233534,-3.0,0.19760479041916168,0.13622754491017963,0.00744047619047619,0.019345238095238096
PSC,664,662,9.128398791540786,-3.0,0.16314199395770393,0.1148036253776435,0.004518072289156626,0.0
AZA,646,644,10.577639751552795,-4.0,0.18012422360248448,0.11024844720496894,0.0030959752321981426,0.0
ITO,644,640,3.6203125,-1.0,0.1,0.0546875,0.006211180124223602,0.0
LBB,643,629,16.015898251192368,-2.0,0.2368839427662957,0.17965023847376788,0.02177293934681182,0.0015552099533437014
JAN,615,595,16.036974789915966,-2.0,0.2453781512605042,0.17478991596638654,0.03577235772357724,0.0032520325203252032
MHT,595,575,14.259130434782609,-2.0,0.24521739130434783,0.16869565217391305,0.03361344537815126,0.0
BTV,592,575,15.001739130434782,-3.0,0.24,0.1582608695652174,0.028716216216216218,0.0016891891891891893
RDM,592,587,8.34923339011925,-3.0,0.16183986371379896,0.10732538330494037,0.010135135135135136,0.006756756756756757
SHV,588,574,17.871080139372822,-3.0,0.26480836236933797,0.18641114982578397,0.023809523809523808,0.0
SBP,551,547,18.43144424131627,-3.0,0.22120658135283364,0.1590493601462523,0.009074410163339383,0.0054446460980036296
CAE,543,530,10.930188679245283,-3.0,0.21132075471698114,0.1509433962264151,0.02394106813996317,0.0
STT,539,536,5.309701492537314,-4.0,0.1287313432835821,0.09328358208955224,0.0055658627087198514,0.0018552875695732839
AMA,533,527,10.22011385199241,-3.0,0.21631878557874762,0.1347248576850095,0.0150093808630394,0.00375234521575985
MRY,519,515,8.601941747572816,-3.0,0.1825242718446602,0.12233009708737864,0.011560693641618497,0.01348747591522158
PIA,515,504,10.926587301587302,-3.0,0.22817460317460317,0.1527777777777778,0.021359223300970873,0.001941747572815534
SGU,513,513,5.6725146198830405,-5.0,0.13840155945419103,0.08382066276803118,0.0,0.001949317738791423
CHA,512,502,15.207171314741036,-3.0,0.2350597609561753,0.18326693227091634,0.01953125,0.001953125
JNU,501,493,4.922920892494929,-5.0,0.20486815415821502,0.12170385395537525,0.015968063872255488,0.001996007984031936
TVC,495,485,15.022680412371134,-2.0,0.2288659793814433,0.15463917525773196,0.022222222222222223,0.00202020202020202
ISP,493,491,16.433808553971488,0.0,0.2606924643584521,0.1670061099796334,0.004056795131845842,0.002028397565922921
MFE,490,484,15.140495867768594,-1.0,0.2603305785123967,0.18181818181818182,0.012244897959183673,0.0
MDT,489,479,14.091858037578287,-2.0,0.2651356993736952,0.1649269311064718,0.02044989775051125,0.0
MFR,484,481,8.388773388773389,-3.0,0.1787941787941788,0.10602910602910603,0.006198347107438017,0.008264462809917356
BIL,471,469,7.383795309168444,-3.0,0.19189765458422176,0.1044776119402985,0.004246284501061571,0.0021231422505307855
FCA,466,464,8.148706896551724,-2.0,0.1896551724137931,0.10344827586206896,0.004291845493562232,0.0
STS,466,460,8.704347826086957,-4.0,0.2,0.12173913043478261,0.019313304721030045,0.012875536480686695
BTR,461,445,14.993258426966293,-3.0,0.24044943820224718,0.1797752808988764,0.03470715835140998,0.0021691973969631237
TLH,459,442,12.384615384615385,-4.0,0.2149321266968326,0.15610859728506787,0.037037037037037035,0.004357298474945534
RAP,457,449,11.184855233853007,-2.0,0.20044543429844097,0.1403118040089087,0.0175054704595186,0.00437636761487965
GJT,455,450,12.342222222222222,-2.0,0.19333333333333333,0.13111111111111112,0.01098901098901099,0.0
MSO,444,442,6.816742081447964,-3.0,0.15384615384615385,0.09049773755656108,0.006756756756756757,0.0045045045045045045
CAK,438,433,19.6905311778291,-4.0,0.23556581986143188,0.19168591224018475,0.0136986301369863,0.00228310502283105
HRL,429,416,8.966346153846153,-2.0,0.18990384615384615,0.1201923076923077,0.03263403263403263,0.0
DRO,420,415,14.337349397590362,-2.0,0.2457831325301205,0.1855421686746988,0.011904761904761904,0.002380952380952381
GRB,413,404,14.279702970297029,-2.0,0.24257425742574257,0.1608910891089109,0.021791767554479417,0.0
BIS,410,407,19.724815724815723,-3.0,0.21867321867321868,0.15233415233415235,0.00975609756097561,0.004878048780487805
MLI,402,394,18.78680203045685,-2.0,0.2639593908629442,0.20050761421319796,0.01990049751243781,0.004975124378109453
IDA,400,399,17.401002506265666,-4.0,0.20300751879699247,0.15288220551378445,0.0025,0.0025
CRP,396,389,11.280205655526993,-3.0,0.20308483290488433,0.14652956298200515,0.017676767676767676,0.005050505050505051
FAI,387,384,6.893229166666667,-2.0,0.20052083333333334,0.1171875,0.0103359173126615,0.0
SAF,371,364,15.502747252747254,-4.0,0.22527472527472528,0.17582417582417584,0.018867924528301886,0.0026954177897574125
EGE,359,356,14.264044943820224,-2.0,0.2247191011235955,0.15168539325842698,0.008356545961002786,0.002785515320334262
FNT,341,337,19.640949554896142,-1.0,0.26706231454005935,0.18100890207715134,0.011730205278592375,0.0
BGR,327,317,10.309148264984227,-3.0,0.20504731861198738,0.138801261829653,0.03058103975535168,0.0
GPT,311,302,15.73841059602649,-3.0,0.2152317880794702,0.1423841059602649,0.03215434083601286,0.003215434083601286
CRW,301,290,32.42413793103448,-2.0,0.3,0.23448275862068965,0.036544850498338874,0.0033222591362126247
ABE,295,292,10.51027397260274,-4.0,0.2089041095890411,0.136986301369863,0.010169491525423728,0.003389830508474576
MLB,294,291,12.219931271477662,-3.0,0.19243986254295534,0.12714776632302405,0.01020408163265306,0.0
BFL,294,292,15.66095890410959,-2.0,0.2671232876712329,0.17465753424657535,0.006802721088435374,0.0
PVU,290,285,29.28421052631579,-3.0,0.256140350877193,0.16140350877192983,0.017241379310344827,0.0
MOT,287,282,7.0212765957446805,-3.0,0.17375886524822695,0.11702127659574468,0.017421602787456445,0.0
DAB,285,281,8.97153024911032,-3.0,0.1708185053380783,0.13523131672597866,0.014035087719298246,0.0
GNV,282,278,9.586330935251798,-3.0,0.2302158273381295,0.12589928057553956,0.014184397163120567,0.0035460992907801418
SUN,272,271,6.734317343173432,-4.0,0.11808118081180811,0.08118081180811808,0.007352941176470588,0.007352941176470588
ACY,267,266,11.353383458646617,-6.0,0.16541353383458646,0.12781954887218044,0.003745318352059925,0.0
COU,262,254,10.401574803149606,-2.0,0.2047244094488189,0.14566929133858267,0.030534351145038167,0.0
XWA,255,252,12.98015873015873,-3.0,0.19047619047619047,0.1388888888888889,0.011764705882352941,0.00392156862745098
LNK,248,244,19.102459016393443,-2.0,0.23770491803278687,0.18032786885245902,0.016129032258064516,0.004032258064516129
LFT,246,243,19.51028806584362,-3.0,0.2839506172839506,0.20987654320987653,0.02032520325203252,0.0
GTF,244,243,3.8847736625514404,-4.0,0.12345679012345678,0.07407407407407407,0.004098360655737705,0.0
HDN,243,241,19.514522821576765,-2.0,0.24066390041493776,0.15352697095435686,0.012345679012345678,0.00823045267489712
MTJ,238,237,10.864978902953586,0.0,0.21940928270042195,0.11814345991561181,0.008403361344537815,0.0
CPR,236,233,22.51502145922747,-3.0,0.19742489270386265,0.16738197424892703,0.012711864406779662,0.00423728813559322
MBS,235,233,22.566523605150216,-3.0,0.2145922746781116,0.1759656652360515,0.00851063829787234,0.0
AGS,227,221,28.239819004524886,-3.0,0.2669683257918552,0.2171945701357466,0.02643171806167401,0.0
KTN,224,222,5.054054054054054,-4.0,0.17117117117117117,0.09009009009009009,0.008928571428571428,0.017857142857142856
BQN,223,222,12.004504504504505,0.0,0.24324324324324326,0.13063063063063063,0.004484304932735426,0.0
DLH,220,217,12.400921658986174,-3.0,0.21658986175115208,0.14285714285714285,0.013636363636363636,0.0
BLI,218,217,9.52995391705069,-3.0,0.15668202764976957,0.10138248847926268,0.0045871559633027525,0.0
HHH,213,211,6.421800947867299,-2.0,0.14218009478672985,0.0947867298578199,0.009389671361502348,0.004694835680751174
GRK,193,184,11.902173913043478,-3.0,0.23369565217391305,0.17391304347826086,0.05181347150259067,0.0051813471502590676
ACV,192,191,6.994764397905759,-3.0,0.1518324607329843,0.10471204188481675,0.010416666666666666,0.010416666666666666
MGM,190,181,30.624309392265193,-4.0,0.27624309392265195,0.20441988950276244,0.04736842105263158,0.0
RDD,177,174,12.183908045977011,-4.0,0.16666666666666666,0.10344827586206896,0.01694915254237288,0.005649717514124294
EVV,177,171,16.953216374269005,-3.0,0.25146198830409355,0.1695906432748538,0.03954802259887006,0.0
ABI,174,171,9.777777777777779,-3.0,0.21637426900584794,0.14035087719298245,0.022988505747126436,0.005747126436781609
FLG,172,171,24.719298245614034,-4.0,0.1871345029239766,0.14619883040935672,0.005813953488372093,0.005813953488372093
AZO,172,168,17.541666666666668,-3.0,0.23809523809523808,0.17261904761904762,0.023255813953488372,0.005813953488372093
LRD,170,168,4.0476190476190474,-3.0,0.14285714285714285,0.09523809523809523,0.011764705882352941,0.0
LAN,168,167,11.886227544910179,-2.0,0.2215568862275449,0.1497005988023952,0.005952380952380952,0.0
AVP,167,161,15.118012422360248,-2.0,0.2608695652173913,0.14906832298136646,0.03592814371257485,0.011976047904191617
YUM,163,162,9.691358024691358,-4.0,0.16049382716049382,0.09259259259259259,0.006134969325153374,0.006134969325153374
ROA,161,157,16.987261146496817,-2.0,0.2484076433121019,0.19745222929936307,0.024844720496894408,0.0
BMI,160,158,14.329113924050633,-3.0,0.1962025316455696,0.12658227848101267,0.0125,0.0
MOB,160,155,17.529032258064515,-4.0,0.1870967741935484,0.13548387096774195,0.03125,0.0
ACK,159,159,2.5849056603773586,-6.0,0.1509433962264151,0.07547169811320754,0.012578616352201259,0.012578616352201259
HLN,157,155,10.23225806451613,-3.0,0.16774193548387098,0.10967741935483871,0.012738853503184714,0.0
MHK,151,148,14.817567567567568,-3.0,0.2635135135135135,0.1891891891891892,0.019867549668874173,0.006622516556291391
CMI,151,149,16.624161073825505,-1.0,0.2684563758389262,0.19463087248322147,0.019867549668874173,0.0
CHO,150,149,12.295302013422818,-3.0,0.21476510067114093,0.18120805369127516,0.006666666666666667,0.006666666666666667
BRO,149,145,9.882758620689655,-3.0,0.21379310344827587,0.13793103448275862,0.026845637583892617,0.006711409395973154
MQT,144,137,20.554744525547445,-2.0,0.22627737226277372,0.16058394160583941,0.05555555555555555,0.0
TRI,138,138,11.028985507246377,-3.0,0.21014492753623187,0.15942028985507245,0.0,0.007246376811594203
SIT,135,134,5.432835820895522,-6.0,0.208955223880597,0.1417910447761194,0.014814814814814815,0.007407407407407408
BLV,135,135,9.666666666666666,-6.0,0.23703703703703705,0.14074074074074075,0.0,0.0
STX,125,125,10.816,-2.0,0.216,0.152,0.0,0.008
FSM,124,121,5.933884297520661,-3.0,0.18181818181818182,0.11570247933884298,0.024193548387096774,0.0
ACT,122,115,9.321739130434782,-4.0,0.19130434782608696,0.14782608695652175,0.05737704918032787,0.00819672131147541
LAW,121,115,15.843478260869565,-5.0,0.28695652173913044,0.19130434782608696,0.049586776859504134,0.008264462809917356
SJT,121,116,5.103448275862069,-5.5,0.08620689655172414,0.0603448275862069,0.04132231404958678,0.008264462809917356
TYR,120,114,6.614035087719298,-4.0,0.18421052631578946,0.13157894736842105,0.05,0.0
LCH,120,117,14.974358974358974,-3.0,0.23076923076923078,0.1623931623931624,0.03333333333333333,0.008333333333333333
AEX,118,113,6.070796460176991,-5.0,0.168141592920354,0.12389380530973451,0.0423728813559322,0.0
GUC,118,118,17.864406779661017,-3.0,0.22033898305084745,0.1864406779661017,0.0,0.00847457627118644
LCK,117,116,3.3706896551724137,-6.0,0.1810344827586207,0.08620689655172414,0.008547008547008548,0.0
ELM,116,113,7.654867256637168,-5.0,0.168141592920354,0.12389380530973451,0.02586206896551724,0.0
TTN,114,111,16.1981981981982,-6.0,0.2882882882882883,0.22522522522522523,0.02631578947368421,0.0
CLL,113,109,12.027522935779816,-4.0,0.1834862385321101,0.14678899082568808,0.04424778761061947,0.0
RST,112,109,23.889908256880734,0.0,0.3394495412844037,0.26605504587155965,0.026785714285714284,0.008928571428571428
MVY,108,105,3.8380952380952382,-5.0,0.1523809523809524,0.09523809523809523,0.037037037037037035,0.0
ORH,106,105,6.933333333333334,-6.0,0.13333333333333333,0.09523809523809523,0.009433962264150943,0.0
PAE,103,103,16.83495145631068,-4.0,0.23300970873786409,0.1553398058252427,0.0,0.009708737864077669
GRI,102,96,12.5625,-3.0,0.1875,0.125,0.058823529411764705,0.0
RFD,99,99,2.717171717171717,-7.0,0.12121212121212122,0.10101010101010101,0.0,0.020202020202020204
RHI,98,97,1.8144329896907216,-3.0,0.09278350515463918,0.05154639175257732,0.01020408163265306,0.0
WRG,95,94,2.095744680851064,-5.5,0.1595744680851064,0.09574468085106383,0.010526315789473684,0.0
PRC,95,94,18.72340425531915,-4.5,0.14893617021276595,0.13829787234042554,0.010526315789473684,0.010526315789473684
MLU,92,90,5.411111111111111,-3.0,0.18888888888888888,0.13333333333333333,0.021739130434782608,0.0
ABR,91,89,2.404494382022472,-4.0,0.056179775280898875,0.033707865168539325,0.02197802197802198,0.0
SLN,91,90,38.21111111111111,-0.5,0.35555555555555557,0.3111111111111111,0.01098901098901099,0.01098901098901099
ROW,90,85,10.505882352941176,-4.0,0.23529411764705882,0.15294117647058825,0.05555555555555555,0.0
CIU,86,86,11.744186046511627,-5.0,0.16279069767441862,0.13953488372093023,0.0,0.011627906976744186
ADQ,85,80,2.7375,-7.0,0.15,0.0875,0.07058823529411765,0.0
TXK,85,80,4.075,-4.0,0.1625,0.1125,0.058823529411764705,0.0
ABY,83,81,9.54320987654321,-5.0,0.20987654320987653,0.1728395061728395,0.024096385542168676,0.0
GCK,82,81,12.074074074074074,-3.0,0.20987654320987653,0.09876543209876543,0.012195121951219513,0.024390243902439025
HOB,82,80,43.6625,0.0,0.3125,0.2375,0.024390243902439025,0.012195121951219513
GFK,81,81,14.592592592592593,-3.0,0.14814814814814814,0.09876543209876543,0.0,0.0
GUM,80,80,17.225,-1.5,0.1625,0.125,0.0,0.0
COD,80,80,15.9375,-2.5,0.2375,0.2,0.0,0.05
RIW,78,77,10.25974025974026,-6.0,0.12987012987012986,0.1038961038961039,0.01282051282051282,0.0
LSE,78,78,16.153846153846153,-2.0,0.20512820512820512,0.1282051282051282,0.0,0.0
DIK,78,73,36.726027397260275,-4.0,0.2191780821917808,0.2191780821917808,0.0641025641025641,0.01282051282051282
JLN,78,77,34.81818181818182,-3.0,0.2857142857142857,0.23376623376623376,0.01282051282051282,0.0
PLN,77,76,15.171052631578947,-3.0,0.15789473684210525,0.11842105263157894,0.025974025974025976,0.0
RKS,77,77,18.48051948051948,-5.0,0.19480519480519481,0.11688311688311688,0.0,0.012987012987012988
GGG,75,74,23.243243243243242,-3.5,0.21621621621621623,0.20270270270270271,0.013333333333333334,0.0
YAK,75,73,-1.8767123287671232,-11.0,0.1232876712328767,0.0821917808219178,0.02666666666666667,0.02666666666666667
SPS,75,71,8.830985915492958,-4.0,0.19718309859154928,0.15492957746478872,0.05333333333333334,0.013333333333333334
LWS,74,74,3.9324324324324325,-5.0,0.10810810810810811,0.0945945945945946,0.0,0.02702702702702703
USA,74,74,31.14864864864865,7.0,0.40540540540540543,0.25675675675675674,0.0,0.0
SUX,74,73,21.534246575342465,1.0,0.3287671232876712,0.2328767123287671,0.013513513513513514,0.02702702702702703
CWA,74,72,6.444444444444445,-3.0,0.18055555555555555,0.125,0.02702702702702703,0.0
BJI,73,73,5.931506849315069,-4.0,0.1232876712328767,0.0821917808219178,0.0,0.0136986301369863
BTM,73,71,31.95774647887324,-5.0,0.19718309859154928,0.1267605633802817,0.0273972602739726,0.0
TWF,72,72,-2.3472222222222223,-5.0,0.06944444444444445,0.041666666666666664,0.0,0.0
BET,72,71,0.5492957746478874,-5.0,0.15492957746478872,0.07042253521126761,0.041666666666666664,0.0
JST,71,71,25.746478873239436,-4.0,0.323943661971831,0.2112676056338028,0.0,0.0
SWO,71,70,17.771428571428572,-6.0,0.18571428571428572,0.15714285714285714,0.014084507042253521,0.0
SHR,71,70,18.314285714285713,-5.0,0.15714285714285714,0.12857142857142856,0.014084507042253521,0.0
CMX,70,68,23.75,-2.0,0.27941176470588236,0.19117647058823528,0.02857142857142857,0.0
LBL,70,70,26.685714285714287,-7.0,0.22857142857142856,0.14285714285714285,0.0,0.04285714285714286
SWF,69,68,1.1911764705882353,-6.0,0.14705882352941177,0.08823529411764706,0.014492753623188406,0.0
BRD,68,68,2.3676470588235294,-5.0,0.10294117647058823,0.058823529411764705,0.0,0.014705882352941176
HIB,68,66,5.606060606060606,-5.0,0.15151515151515152,0.07575757575757576,0.029411764705882353,0.014705882352941176
EAR,67,66,8.181818181818182,-4.0,0.18181818181818182,0.13636363636363635,0.014925373134328358,0.0
FOD,67,66,8.393939393939394,-5.5,0.13636363636363635,0.12121212121212122,0.04477611940298507,0.0
GCC,67,64,5.140625,-5.0,0.15625,0.09375,0.04477611940298507,0.0
APN,67,65,2.9692307692307693,-5.0,0.06153846153846154,0.03076923076923077,0.04477611940298507,0.0
PSG,67,67,0.47761194029850745,-9.0,0.11940298507462686,0.07462686567164178,0.0,0.0
LBF,66,65,13.723076923076922,-6.0,0.15384615384615385,0.1076923076923077,0.015151515151515152,0.015151515151515152
MGW,66,62,35.854838709677416,-5.0,0.24193548387096775,0.24193548387096775,0.06060606060606061,0.045454545454545456
IMT,66,65,7.507692307692308,-5.0,0.09230769230769231,0.09230769230769231,0.015151515151515152,0.0
CDV,66,64,-2.796875,-10.5,0.15625,0.109375,0.030303030303030304,0.0
PIH,66,65,10.907692307692308,-5.0,0.1076923076923077,0.07692307692307693,0.015151515151515152,0.0
PIB,65,64,32.546875,-3.0,0.328125,0.265625,0.015384615384615385,0.015384615384615385
DVL,65,65,-3.6153846153846154,-8.0,0.07692307692307693,0.06153846153846154,0.0,0.0
JMS,64,64,2.875,-4.0,0.15625,0.078125,0.0,0.015625
CYS,64,64,28.71875,-4.0,0.1875,0.15625,0.0,0.015625
MCW,63,61,16.770491803278688,-4.0,0.3114754098360656,0.22950819672131148,0.031746031746031744,0.0
SPI,63,63,7.317460317460317,-3.0,0.09523809523809523,0.09523809523809523,0.0,0.0
HYS,63,63,24.26984126984127,-5.0,0.23809523809523808,0.2222222222222222,0.0,0.0
BPT,63,62,25.693548387096776,-4.5,0.24193548387096775,0.14516129032258066,0.015873015873015872,0.0
CDC,62,62,3.2096774193548385,-6.0,0.0967741935483871,0.06451612903225806,0.0,0.0
CLD,62,62,1.6451612903225807,-4.0,0.11290322580645161,0.06451612903225806,0.0,0.0
VCT,62,60,6.516666666666667,-6.0,0.18333333333333332,0.13333333333333333,0.03225806451612903,0.0
DDC,60,59,0.9322033898305084,-8.0,0.0847457627118644,0.06779661016949153,0.016666666666666666,0.0
INL,60,58,16.137931034482758,-4.0,0.15517241379310345,0.1206896551724138,0.03333333333333333,0.0
EAU,58,57,16.842105263157894,-4.0,0.2807017543859649,0.19298245614035087,0.017241379310344827,0.0
LAR,58,56,19.0,-4.0,0.25,0.17857142857142858,0.034482758620689655,0.0
SCE,58,56,16.107142857142858,-1.5,0.26785714285714285,0.19642857142857142,0.034482758620689655,0.0
BFF,58,57,8.210526315789474,-6.0,0.21052631578947367,0.15789473684210525,0.017241379310344827,0.0
EKO,57,57,-3.789473684210526,-7.0,0.03508771929824561,0.03508771929824561,0.0,0.0
PSE,55,55,5.090909090909091,-2.0,0.18181818181818182,0.14545454545454545,0.0,0.0
DEC,54,53,18.22641509433962,-5.0,0.22641509433962265,0.1509433962264151,0.018518518518518517,0.0
PBG,53,52,1.9615384615384615,-8.0,0.1346153846153846,0.11538461538461539,0.018867924528301886,0.0
OTH,52,52,3.5961538461538463,-2.5,0.11538461538461539,0.057692307692307696,0.0,0.019230769230769232
MEI,51,51,11.176470588235293,-3.0,0.21568627450980393,0.17647058823529413,0.0,0.0
ESC,50,49,2.816326530612245,-4.0,0.16326530612244897,0.12244897959183673,0.02,0.0
HTS,50,50,27.66,4.0,0.4,0.32,0.0,0.02
LBE,50,49,-2.0,-7.0,0.10204081632653061,0.04081632653061224,0.02,0.0
SCK,49,47,14.212765957446809,-4.0,0.23404255319148937,0.14893617021276595,0.04081632653061224,0.0
HYA,46,44,3.590909090909091,-4.5,0.13636363636363635,0.09090909090909091,0.043478260869565216,0.0
HGR,44,43,39.0,5.0,0.3953488372093023,0.3023255813953488,0.022727272727272728,0.0
IAG,42,42,8.904761904761905,-2.0,0.2619047619047619,0.14285714285714285,0.023809523809523808,0.0
SCC,41,41,3.8292682926829267,-7.0,0.17073170731707318,0.0975609756097561,0.0,0.0
WYS,40,40,4.925,-4.0,0.2,0.15,0.0,0.0
TOL,40,40,19.475,-4.0,0.3,0.25,0.0,0.0
BIH,39,39,11.282051282051283,-3.0,0.1794871794871795,0.15384615384615385,0.02564102564102564,0.0
FAY,38,38,14.210526315789474,-2.0,0.23684210526315788,0.18421052631578946,0.0,0.0
OAJ,36,35,11.457142857142857,-1.0,0.22857142857142856,0.17142857142857143,0.027777777777777776,0.0
ALO,36,36,2.7222222222222223,-4.0,0.1111111111111111,0.08333333333333333,0.0,0.027777777777777776
PQI,36,36,29.305555555555557,16.0,0.5277777777777778,0.3333333333333333,0.0,0.027777777777777776
PSM,35,35,7.542857142857143,-8.0,0.14285714285714285,0.05714285714285714,0.0,0.0
SPN,33,33,-6.303030303030303,-8.0,0.030303030303030304,0.030303030303030304,0.0,0.0
OTZ,32,31,-2.4193548387096775,-7.0,0.0967741935483871,0.03225806451612903,0.03125,0.0
GUF,31,30,8.3,-2.5,0.3,0.2,0.03225806451612903,0.0
GTR,30,30,4.7,-3.5,0.13333333333333333,0.1,0.0,0.03333333333333333
ATY,29,29,20.448275862068964,-5.0,0.2413793103448276,0.2413793103448276,0.0,0.034482758620689655
BRW,29,28,10.357142857142858,6.5,0.21428571428571427,0.07142857142857142,0.034482758620689655,0.0
EWN,29,29,9.689655172413794,-4.0,0.20689655172413793,0.13793103448275862,0.0,0.0
BGM,27,27,9.0,-4.0,0.2222222222222222,0.18518518518518517,0.0,0.037037037037037035
OME,26,25,9.76,3.0,0.32,0.16,0.07692307692307693,0.0
LAF,25,25,9.56,-1.0,0.24,0.08,0.0,0.0
PIR,24,24,-0.20833333333333334,-7.0,0.125,0.125,0.0,0.0
FMN,21,21,22.285714285714285,4.0,0.47619047619047616,0.3333333333333333,0.0,0.047619047619047616
AKN,20,20,-1.95,-7.5,0.2,0.0,0.0,0.0
SMX,19,19,19.473684210526315,-6.0,0.21052631578947367,0.21052631578947367,0.0,0.0
CKB,17,17,19.647058823529413,8.0,0.47058823529411764,0.29411764705882354,0.0,0.0
STC,16,16,-0.625,-4.5,0.125,0.0,0.0,0.0
PPG,14,14,11.571428571428571,0.0,0.21428571428571427,0.14285714285714285,0.0,0.0
ADK,13,13,-4.076923076923077,-7.0,0.07692307692307693,0.0,0.0,0.0
GST,9,9,-5.111111111111111,-11.0,0.1111111111111111,0.1111111111111111,0.0,0.0
DLG,8,8,13.125,1.5,0.375,0.25,0.0,0.0
DHN,6,6,32.833333333333336,7.5,0.5,0.3333333333333333,0.0,0.0
VRB,4,3,12.666666666666666,-3.0,0.3333333333333333,0.3333333333333333,0.25,0.0
ERI,4,4,16.25,-1.5,0.25,0.25,0.0,0.0
PHF,1,1,-4.0,-4.0,0.0,0.0,0.0,0.0
