month,flights,known_departure_delay,mean_dep_delay,median_dep_delay,delayed_15_rate,delayed_30_rate,cancelled_rate,diverted_rate
7,62895,61441,22.13406357318403,0.0,0.2907016487361859,0.2044563076772839,0.024994037681850705,0.005135543365927339
6,60971,60060,18.58827838827839,-1.0,0.27226107226107227,0.18816183816183815,0.015810795296124388,0.003805087664627446
5,60837,60212,14.263967315485285,-2.0,0.22327775194313426,0.14978741779047366,0.010799349080329404,0.0026464158324703718
10,60587,60276,10.573511845510652,-3.0,0.19720950295308248,0.12480921096290397,0.005281661082410418,0.001931107333256309
8,60489,59852,14.33576154514469,-2.0,0.2229499431932099,0.14970259974604022,0.011258245300798492,0.003322918216535238
3,60259,59576,11.275614341345507,-3.0,0.19469249362159258,0.13035450516986707,0.011782472327785062,0.0026054199372707813
12,58242,57394,18.385702338223506,-1.0,0.26851238805450045,0.1813081506777712,0.015160880464269772,0.0021633872463170905
4,58157,57677,10.414359276661408,-3.0,0.18672954557275864,0.1216602805277667,0.008528637997145658,0.002286913011331396
11,57194,55847,11.791412251329525,-3.0,0.19958099808405108,0.1367486167564954,0.023901108507885443,0.0019932160716159037
9,55837,55554,8.026100730820463,-3.0,0.1626525542715196,0.10398891168952731,0.0053369629457169976,0.0019162920644017409
1,54001,52436,10.081699595697613,-3.0,0.17880845220840644,0.11709512548630711,0.029906853576785616,0.0022036628951315716
2,50692,50000,11.72504,-3.0,0.19482,0.13014,0.014104789710407954,0.0016767931823561903
