ORIGIN,flights,known_departure_delay,mean_dep_delay,median_dep_delay,delayed_15_rate,delayed_30_rate,cancelled_rate,diverted_rate
ORD,32820,32293,17.280865822314432,-1.0,0.24912519741120367,0.1732573622766544,0.016971358927483242,0.0028641072516758076
DFW,31744,30925,19.70528698464026,-1.0,0.288698464025869,0.20016168148746968,0.026619203629032258,0.003055695564516129
DEN,31523,31290,16.3612016618728,0.0,0.2532438478747204,0.16880792585490573,0.00761348856390572,0.0031722869016273833
ATL,31232,30802,13.713687422894617,-2.0,0.2346276215830141,0.15417830011038244,0.014504354508196721,0.0024013831967213115
PHX,20022,19890,11.794469582704878,-2.0,0.21216691804927099,0.1374057315233786,0.0068924183398261915,0.0025471980821096794
CLT,19604,19292,15.445936139332366,-2.0,0.24191374663072776,0.1670122330499689,0.016833299326668025,0.002397469904101204
LAX,19085,18963,9.9656172546538,-3.0,0.18161683277962348,0.11917945472762749,0.0067068378307571395,0.002881844380403458
LAS,18455,18310,11.960404150737302,-1.0,0.22763517203713818,0.13839432004369198,0.008344622053643998,0.002438363587103766
SEA,16499,16351,9.668093694575255,-2.0,0.21124090269708276,0.12305057794630297,0.00975816716164616,0.0032729256318564763
MCO,15972,15823,16.068697465714465,-1.0,0.24161031409972825,0.16463376098085067,0.009892311545204107,0.0020035061357375405
SFO,14211,14108,10.705982421321236,-3.0,0.18875815140345903,0.12574425857669408,0.007670114699880375,0.0033776651889381466
BOS,14162,13958,14.443831494483451,-2.0,0.23026221521707982,0.16578306347614272,0.014757802570258438,0.0027538483265075555
DCA,13954,13463,17.219341900022282,-2.0,0.25833766619624154,0.1838371833915175,0.03733696431130858,0.0015766088576752186
LGA,13398,13032,15.591774094536525,-3.0,0.22667280540208717,0.16367403314917128,0.02948201224063293,0.0026869682042095834
DTW,12327,12208,12.137860419397116,-3.0,0.19593709043250326,0.13597640891218873,0.010302587815364648,0.0019469457288878072
EWR,12126,11808,15.674881436314363,-3.0,0.2209518970189702,0.15777439024390244,0.027626587497938313,0.0019792182088075212
IAH,11788,11657,16.555374453118297,-2.0,0.2294758514197478,0.16161962769151583,0.01162198846284357,0.003053953172718018
SLC,11720,11675,7.133790149892934,-3.0,0.15828693790149892,0.09901498929336189,0.004266211604095563,0.0023037542662116043
MSP,11369,11291,11.073244176777965,-3.0,0.18660880347179168,0.12275263484190949,0.007300554138446653,0.00281467147506377
MIA,11356,11222,16.573694528604527,-1.0,0.2556585278916414,0.17804312956692211,0.01224022543148996,0.0024656569214512153
JFK,10482,10291,13.14177436595083,-3.0,0.20425614614711884,0.14187153823729473,0.02003434459072696,0.0029574508681549324
BNA,10356,10226,13.903090162331312,-1.0,0.246235087033053,0.15421474672403676,0.013035921205098494,0.002317497103128621
SAN,9790,9692,13.228539001238135,-1.0,0.22864217911679735,0.1433140734626496,0.01052093973442288,0.003268641470888662
PHL,9639,9446,19.15509210247724,-2.0,0.24677112005081517,0.1811348719034512,0.02209772798008092,0.0022823944392571845
BWI,9608,9476,15.234909244406923,0.0,0.25949767834529336,0.15280709159983116,0.014258950874271441,0.0020815986677768525
FLL,8755,8632,16.122103799814642,-2.0,0.2513901760889713,0.1742354031510658,0.014277555682467162,0.0036550542547115934
AUS,8644,8560,14.485747663551402,-2.0,0.23271028037383176,0.15,0.00983341045812124,0.0026608051827857475
TPA,7797,7696,14.937759875259875,-2.0,0.21764553014553015,0.14942827442827442,0.013081954597922277,0.0025650891368475055
MDW,7267,7175,12.980487804878049,0.0,0.24655052264808364,0.14857142857142858,0.012797578092748039,0.0015136920324755746
DAL,7175,7077,14.90250105977109,1.0,0.2662144976685036,0.1629221421506288,0.013797909407665506,0.0023693379790940767
STL,6415,6330,13.078199052132701,-1.0,0.22053712480252766,0.14249605055292258,0.013406079501169135,0.003117692907248636
PDX,6154,6109,7.206089376330005,-3.0,0.1635292191848093,0.0952692748403994,0.007312317192070198,0.0027624309392265192
HNL,5865,5833,6.2489285102005825,-2.0,0.12600720041145208,0.06823247042688153,0.005967604433077579,0.0006820119352088661
IAD,5838,5782,12.49584918713248,-3.0,0.17450709097198203,0.12106537530266344,0.010448783830078794,0.0035971223021582736
SMF,5759,5720,8.618881118881118,-2.0,0.18234265734265734,0.10979020979020979,0.0069456502865080745,0.002430977600277826
RDU,5562,5469,13.902175900530262,-3.0,0.1963795940756994,0.13530810020113365,0.018698309960445882,0.001438331535418914
HOU,5430,5370,11.420297951582867,0.0,0.23594040968342644,0.1361266294227188,0.011049723756906077,0.0016574585635359116
MSY,5154,5065,13.53583415597236,-2.0,0.22704837117472854,0.14689042448173742,0.017462165308498253,0.002328288707799767
MCI,4863,4788,11.37406015037594,-2.0,0.19235588972431078,0.12573099415204678,0.016039481801357187,0.0024676125848241827
IND,4842,4768,11.47231543624161,-3.0,0.17953020134228187,0.1147231543624161,0.015282940933498555,0.0020652622883106154
SJC,4535,4506,6.964491788726143,-3.0,0.16555703506435862,0.10297381269418553,0.006835722160970232,0.0015435501653803748
CMH,4490,4409,11.518258108414607,-3.0,0.18462236334769788,0.126332501701066,0.01915367483296214,0.0022271714922048997
SNA,4475,4420,12.316742081447964,-3.0,0.19027149321266967,0.1248868778280543,0.012960893854748603,0.002011173184357542
PIT,4284,4226,9.62210127780407,-3.0,0.17960246095598675,0.11736867013724563,0.014939309056956116,0.0018674136321195146
SAT,4137,4085,10.703304773561811,-4.0,0.1777233782129743,0.12215422276621787,0.012569494802997341,0.0029006526468455403
CLE,4041,3975,11.45811320754717,-4.0,0.17433962264150943,0.12125786163522012,0.01658005444196981,0.0014847809948032665
SJU,3675,3641,16.121669870914584,-2.0,0.2172480087887943,0.14748695413347981,0.009795918367346938,0.005442176870748299
RSW,3548,3518,11.742751563388289,-4.0,0.19357589539511086,0.129619101762365,0.008737316798196167,0.002818489289740699
OAK,3501,3473,9.057011229484596,-1.0,0.20155485171321624,0.1206449755254823,0.007997714938588975,0.002570694087403599
CVG,3394,3334,15.314637072585484,-3.0,0.20545890821835633,0.13437312537492502,0.01915144372421921,0.003241013553329405
BUR,3066,3029,8.948827996038297,-4.0,0.17365467150874878,0.11290855067679102,0.012393998695368558,0.001304631441617743
PBI,3064,3019,17.899966876449156,-1.0,0.27061941040079496,0.18350447167936404,0.015013054830287207,0.0045691906005221935
JAX,2896,2844,13.114627285513361,-3.0,0.2039381153305204,0.14345991561181434,0.01899171270718232,0.004834254143646409
MKE,2762,2731,13.646649578908825,-3.0,0.18528011717319662,0.12559502013914317,0.011585807385952208,0.002172338884866039
ONT,2652,2634,10.94343204252088,-2.0,0.18109339407744876,0.12186788154897495,0.006787330316742082,0.0015082956259426848
ABQ,2587,2561,10.734478719250292,-3.0,0.18274111675126903,0.12221788363920344,0.010050251256281407,0.004252029377657518
OGG,2524,2497,6.593512214657589,-3.0,0.12575090108129755,0.0644773728474169,0.012282091917591125,0.001584786053882726
CHS,2480,2416,16.460264900662253,-3.0,0.22392384105960264,0.15728476821192053,0.025806451612903226,0.004838709677419355
OMA,2471,2433,9.761611179613645,-4.0,0.166872174270448,0.11138512124948623,0.01537838931606637,0.0008093889113719142
OKC,2410,2374,9.941870261162595,-4.0,0.18155012636899748,0.12005054759898905,0.015352697095435684,0.0033195020746887966
BOI,2391,2379,6.352248844052123,-4.0,0.14880201765447668,0.09289617486338798,0.005437055625261397,0.002091175240485153
MEM,2342,2319,11.878395860284606,-3.0,0.197498921949116,0.13885295385942217,0.00982066609735269,0.0034158838599487617
SDF,2314,2276,10.1902460456942,-4.0,0.17486818980667837,0.12082601054481547,0.016853932584269662,0.003025064822817632
BDL,2290,2256,12.093528368794326,-3.0,0.18129432624113476,0.1201241134751773,0.014847161572052401,0.005676855895196507
RNO,2109,2087,9.261619549592718,-3.0,0.1753713464302827,0.1126018207954001,0.010905642484589853,0.002844950213371266
TUS,2004,1988,8.34456740442656,-5.0,0.16146881287726358,0.10915492957746478,0.007984031936127744,0.000499001996007984
ORF,1972,1922,15.518730489073882,-3.0,0.21071800208116545,0.14308012486992716,0.02535496957403651,0.0010141987829614604
BUF,1945,1911,12.2574568288854,-2.0,0.2087912087912088,0.1433804290947148,0.017480719794344474,0.0
SAV,1898,1841,16.62411732753938,-3.0,0.2254209668658338,0.14720260727865292,0.030558482613277135,0.0015806111696522655
ANC,1845,1827,4.81663929939792,-4.0,0.16748768472906403,0.09140667761357417,0.012466124661246613,0.0016260162601626016
GEG,1833,1825,5.533150684931507,-4.0,0.14684931506849316,0.09315068493150686,0.00436442989634479,0.0038188761593016913
GRR,1830,1799,9.19899944413563,-4.0,0.18621456364647027,0.1245136186770428,0.016939890710382512,0.003278688524590164
RIC,1799,1768,15.012443438914028,-3.0,0.21889140271493213,0.1414027149321267,0.017231795441912175,0.0044469149527515284
TUL,1786,1760,15.010227272727272,-4.0,0.18409090909090908,0.13352272727272727,0.016237402015677492,0.0022396416573348264
SRQ,1732,1709,15.56173200702165,-4.0,0.1960210649502633,0.13809245172615564,0.013856812933025405,0.0023094688221709007
BHM,1722,1693,13.098641464855287,-3.0,0.19551092734790312,0.1299468399291199,0.01684088269454123,0.0017421602787456446
ELP,1722,1710,8.718713450292398,-3.5,0.16783625730994153,0.11812865497076024,0.006968641114982578,0.003484320557491289
LGB,1672,1663,4.7095610342754055,-3.0,0.14672279013830428,0.08899579073962718,0.005382775119617225,0.0005980861244019139
PVD,1589,1559,11.919820397690827,-3.0,0.19820397690827454,0.1340602950609365,0.018879798615481436,0.0018879798615481435
LIH,1570,1553,3.7353509336767545,-3.0,0.128783000643915,0.062459755312298776,0.010828025477707006,0.0006369426751592356
KOA,1561,1551,6.980657640232108,-3.0,0.11669890393294649,0.07027724049000644,0.0064061499039077515,0.0012812299807815502
DSM,1511,1480,13.503378378378379,-4.0,0.18716216216216217,0.13378378378378378,0.02183984116479153,0.0013236267372600927
PSP,1495,1486,9.261776581426648,-5.0,0.18506056527590847,0.12113055181695828,0.006020066889632107,0.0046822742474916385
MYR,1465,1427,13.58864751226349,-4.0,0.21653819201121233,0.1513665031534688,0.026621160409556314,0.0006825938566552901
GSP,1419,1393,10.786791098348887,-4.0,0.19095477386934673,0.1349605168700646,0.019027484143763214,0.0021141649048625794
PNS,1407,1372,18.407434402332363,-4.0,0.1880466472303207,0.13119533527696792,0.024875621890547265,0.0021321961620469083
COS,1386,1360,13.964705882352941,-4.0,0.20808823529411766,0.14558823529411766,0.01948051948051948,0.005050505050505051
FAT,1373,1365,6.853479853479853,-4.0,0.15897435897435896,0.1054945054945055,0.007283321194464676,0.0029133284777858705
LIT,1340,1307,14.132364192807957,-2.0,0.2287681713848508,0.14537107880642694,0.025373134328358207,0.0029850746268656717
TYS,1315,1286,18.140746500777606,-4.0,0.22628304821150855,0.16329704510108864,0.022053231939163497,0.0022813688212927757
MSN,1315,1292,14.723684210526315,-6.0,0.16640866873065016,0.12229102167182662,0.018250950570342206,0.001520912547528517
XNA,1311,1283,12.095869056897895,-3.0,0.21745908028059235,0.1449727201870616,0.02288329519450801,0.005339435545385202
ALB,1298,1282,11.412636505460219,-4.0,0.1794071762870515,0.12168486739469579,0.013097072419106317,0.003852080123266564
BZN,1149,1142,13.494746059544658,-3.0,0.2119089316987741,0.13134851138353765,0.006092254134029591,0.006092254134029591
ICT,1132,1106,14.431283905967451,-5.0,0.19529837251356238,0.14737793851717904,0.024734982332155476,0.0017667844522968198
PWM,1095,1072,15.621268656716419,-4.0,0.1884328358208955,0.13526119402985073,0.0228310502283105,0.0045662100456621
HPN,1079,1049,10.894184938036226,-5.0,0.1954242135367016,0.1315538608198284,0.029657089898053754,0.0037071362372567192
VPS,1079,1066,14.72420262664165,-4.0,0.18574108818011256,0.1294559099437148,0.012048192771084338,0.005560704355885079
SFB,1069,1065,15.739906103286385,-3.0,0.26572769953051645,0.19624413145539907,0.004677268475210477,0.0037418147801683817
GSO,1067,1037,8.309546769527483,-4.0,0.15429122468659595,0.10703953712632594,0.028116213683223992,0.0
MAF,1003,992,10.898185483870968,-5.0,0.1693548387096774,0.12399193548387097,0.010967098703888335,0.004985044865403789
SYR,999,977,12.915046059365404,-4.0,0.18935516888433981,0.12487205731832139,0.023023023023023025,0.003003003003003003
ROC,978,956,17.232217573221757,-2.0,0.20292887029288703,0.13493723849372385,0.024539877300613498,0.0
LEX,961,945,12.162962962962963,-6.0,0.2,0.1439153439153439,0.01664932362122789,0.004162330905306972
PIE,954,951,11.072555205047319,-6.0,0.231335436382755,0.15667718191377497,0.0041928721174004195,0.0031446540880503146
AVL,948,919,19.86507072905332,-4.0,0.2426550598476605,0.17410228509249184,0.03164556962025317,0.0031645569620253164
SGF,914,901,19.32852386237514,-3.0,0.2241953385127636,0.16537180910099888,0.0175054704595186,0.002188183807439825
ECP,875,859,12.959254947613504,-3.0,0.19557625145518046,0.13154831199068684,0.019428571428571427,0.004571428571428572
HSV,819,793,19.8234552332913,-3.0,0.23833543505674654,0.16393442622950818,0.031746031746031744,0.004884004884004884
EUG,819,811,9.223181257706536,-4.0,0.17016029593094945,0.1159062885326757,0.009768009768009768,0.001221001221001221
SBA,808,803,9.58904109589041,-4.0,0.1930261519302615,0.1307596513075965,0.006188118811881188,0.0012376237623762376
DAY,804,784,13.243622448979592,-7.0,0.20153061224489796,0.14540816326530612,0.024875621890547265,0.0037313432835820895
EYW,800,793,11.78562421185372,-3.0,0.22950819672131148,0.15006305170239598,0.01,0.00875
CID,795,780,19.03846153846154,-3.0,0.21153846153846154,0.16025641025641027,0.018867924528301886,0.0037735849056603774
ASE,790,754,32.48541114058355,-1.0,0.3395225464190981,0.2692307692307692,0.04556962025316456,0.005063291139240506
ATW,771,760,13.41578947368421,-5.0,0.20394736842105263,0.14342105263157895,0.014267185473411154,0.0025940337224383916
SBN,763,756,19.4484126984127,-4.0,0.23677248677248677,0.1693121693121693,0.009174311926605505,0.00655307994757536
PGD,751,750,6.836,-5.0,0.20533333333333334,0.11866666666666667,0.0013315579227696406,0.0039946737683089215
FSD,727,713,12.1164095371669,-4.0,0.19775596072931276,0.14446002805049088,0.01925722145804677,0.002751031636863824
FAR,710,704,15.305397727272727,-4.0,0.18892045454545456,0.1377840909090909,0.009859154929577466,0.004225352112676056
ILM,698,672,14.665178571428571,-4.0,0.21726190476190477,0.16964285714285715,0.03724928366762178,0.0028653295128939827
LBB,681,665,10.733834586466166,-5.0,0.18045112781954886,0.13834586466165413,0.023494860499265784,0.007342143906020558
ITO,674,670,1.5134328358208955,-3.0,0.08059701492537313,0.03880597014925373,0.00741839762611276,0.0
FWA,664,655,22.006106870229008,-4.0,0.24885496183206107,0.17404580152671756,0.01355421686746988,0.006024096385542169
BTV,650,627,19.53269537480064,-4.0,0.20414673046251994,0.15629984051036683,0.03538461538461538,0.006153846153846154
RDM,646,638,7.087774294670846,-4.0,0.13949843260188088,0.09247648902821316,0.01238390092879257,0.0
PSC,646,644,1.7065217391304348,-6.0,0.09161490683229814,0.062111801242236024,0.0030959752321981426,0.006191950464396285
JAC,639,630,16.603174603174605,-3.0,0.20634920634920634,0.14761904761904762,0.01564945226917058,0.00782472613458529
AZA,620,617,5.158833063209076,-5.0,0.16693679092382496,0.0940032414910859,0.004838709677419355,0.0
JAN,590,583,12.50943396226415,-4.0,0.20240137221269297,0.16123499142367068,0.011864406779661017,0.0
SHV,569,556,18.678057553956833,-4.0,0.2158273381294964,0.14568345323741008,0.022847100175746926,0.0035149384885764497
MHT,568,561,14.52584670231729,-4.0,0.2014260249554367,0.12834224598930483,0.014084507042253521,0.0017605633802816902
ISP,559,553,12.737793851717903,-1.0,0.2332730560578662,0.15551537070524413,0.01073345259391771,0.0
RAP,542,535,15.211214953271028,-4.0,0.18317757009345795,0.13271028037383178,0.014760147601476014,0.0
PIA,535,527,26.148007590132828,-4.0,0.23908918406072105,0.17836812144212524,0.016822429906542057,0.003738317757009346
CAE,533,517,15.773694390715667,-4.0,0.20696324951644102,0.15473887814313347,0.0300187617260788,0.0
CHA,532,519,19.248554913294797,-3.0,0.23699421965317918,0.1579961464354528,0.02443609022556391,0.0018796992481203006
AMA,526,518,7.511583011583012,-5.0,0.15057915057915058,0.11583011583011583,0.015209125475285171,0.0038022813688212928
TVC,522,510,19.65686274509804,-2.0,0.2549019607843137,0.18627450980392157,0.022988505747126436,0.0038314176245210726
MDT,510,507,19.613412228796843,-4.0,0.21893491124260356,0.14792899408284024,0.0058823529411764705,0.00196078431372549
BIL,507,506,4.442687747035573,-7.0,0.12648221343873517,0.09683794466403162,0.0019723865877712033,0.0019723865877712033
SBP,487,482,18.887966804979254,-4.0,0.23443983402489627,0.15975103734439833,0.01026694045174538,0.002053388090349076
STT,478,473,7.112050739957716,-6.0,0.19661733615221988,0.1226215644820296,0.010460251046025104,0.010460251046025104
MRY,478,474,3.7679324894514767,-6.0,0.12869198312236288,0.09071729957805907,0.008368200836820083,0.0041841004184100415
GJT,475,465,13.187096774193549,-5.0,0.17419354838709677,0.13763440860215054,0.021052631578947368,0.008421052631578947
MFE,474,469,11.970149253731343,-7.0,0.18336886993603413,0.1300639658848614,0.010548523206751054,0.0
MFR,470,462,1.6428571428571428,-5.0,0.10822510822510822,0.07575757575757576,0.01702127659574468,0.00425531914893617
BTR,464,450,18.08888888888889,-4.0,0.22666666666666666,0.17555555555555555,0.03017241379310345,0.00646551724137931
TLH,448,435,9.579310344827586,-5.0,0.16551724137931034,0.13793103448275862,0.029017857142857144,0.008928571428571428
JNU,447,437,2.645308924485126,-9.0,0.15789473684210525,0.09382151029748284,0.02237136465324385,0.006711409395973154
BIS,442,438,22.442922374429223,-4.0,0.2146118721461187,0.1598173515981735,0.00904977375565611,0.0022624434389140274
STS,437,431,14.612529002320185,-3.0,0.20649651972157773,0.14849187935034802,0.013729977116704805,0.002288329519450801
MSO,435,431,21.8631090487239,-4.0,0.19489559164733178,0.1136890951276102,0.009195402298850575,0.011494252873563218
SGU,435,435,7.494252873563219,-7.0,0.13333333333333333,0.10344827586206896,0.0,0.0
DRO,434,426,15.922535211267606,-5.0,0.18309859154929578,0.14553990610328638,0.018433179723502304,0.0
FCA,431,429,6.37995337995338,-5.0,0.1585081585081585,0.12121212121212122,0.004640371229698376,0.004640371229698376
CAK,430,421,22.15439429928741,-8.0,0.2161520190023753,0.16152019002375298,0.020930232558139535,0.002325581395348837
IDA,430,426,12.5,-7.0,0.15492957746478872,0.11737089201877934,0.009302325581395349,0.011627906976744186
GRB,428,421,12.064133016627078,-6.0,0.16152019002375298,0.1330166270783848,0.016355140186915886,0.002336448598130841
HRL,414,402,9.601990049751244,-2.0,0.18159203980099503,0.11691542288557213,0.03140096618357488,0.0024154589371980675
MLI,406,397,20.743073047858942,-5.0,0.20654911838790932,0.15869017632241814,0.022167487684729065,0.0049261083743842365
CRP,392,382,12.044502617801047,-5.0,0.1544502617801047,0.12303664921465969,0.02806122448979592,0.0
FAI,383,379,2.3403693931398415,-6.0,0.12928759894459102,0.08443271767810026,0.013054830287206266,0.0
SAF,373,370,11.908108108108108,-6.0,0.21081081081081082,0.14594594594594595,0.00804289544235925,0.00804289544235925
EGE,373,370,17.41891891891892,-2.0,0.2756756756756757,0.1810810810810811,0.00804289544235925,0.002680965147453083
BGR,371,357,18.747899159663866,-5.0,0.19887955182072828,0.1400560224089636,0.0431266846361186,0.0026954177897574125
GPT,347,326,6.932515337423313,-7.0,0.11042944785276074,0.08895705521472393,0.06051873198847262,0.002881844380403458
FNT,336,332,26.02710843373494,-3.0,0.23493975903614459,0.1927710843373494,0.011904761904761904,0.0
BFL,335,334,1.592814371257485,-5.0,0.11077844311377245,0.0658682634730539,0.0029850746268656717,0.014925373134328358
CRW,306,295,15.657627118644069,-5.0,0.2033898305084746,0.15932203389830507,0.03594771241830065,0.0032679738562091504
ABE,304,302,6.281456953642384,-6.0,0.18211920529801323,0.11920529801324503,0.006578947368421052,0.013157894736842105
DAB,299,288,16.27777777777778,-5.0,0.15625,0.1111111111111111,0.03678929765886288,0.0
LNK,299,294,19.14965986394558,-6.0,0.21768707482993196,0.19047619047619047,0.016722408026755852,0.0033444816053511705
MOT,293,290,16.53793103448276,-4.0,0.16551724137931034,0.12413793103448276,0.010238907849829351,0.0
GNV,292,290,11.662068965517241,-7.0,0.18620689655172415,0.13793103448275862,0.00684931506849315,0.0
PVU,283,282,13.99290780141844,-6.0,0.1773049645390071,0.12411347517730496,0.0035335689045936395,0.01060070671378092
ACY,274,271,0.8892988929889298,-7.0,0.12915129151291513,0.07380073800738007,0.010948905109489052,0.0036496350364963502
COU,272,262,13.30916030534351,-3.0,0.20610687022900764,0.13358778625954199,0.03676470588235294,0.003676470588235294
MLB,271,267,12.876404494382022,-5.0,0.20599250936329588,0.15730337078651685,0.014760147601476014,0.0
LFT,268,259,23.43243243243243,-3.0,0.25096525096525096,0.20463320463320464,0.033582089552238806,0.0037313432835820895
CPR,262,260,13.188461538461539,-5.5,0.19615384615384615,0.15384615384615385,0.007633587786259542,0.003816793893129771
KTN,259,251,4.752988047808765,-6.0,0.18725099601593626,0.10756972111553785,0.03474903474903475,0.0
BLI,258,257,5.120622568093385,-4.0,0.10505836575875487,0.0622568093385214,0.003875968992248062,0.0
GTF,249,246,3.7804878048780486,-5.0,0.12195121951219512,0.1016260162601626,0.012048192771084338,0.0
SUN,248,244,5.319672131147541,-8.0,0.11885245901639344,0.09836065573770492,0.016129032258064516,0.0
MTJ,240,237,20.10126582278481,-3.0,0.2616033755274262,0.20675105485232068,0.0125,0.008333333333333333
HHH,236,234,12.431623931623932,-5.0,0.18376068376068377,0.12393162393162394,0.00847457627118644,0.00847457627118644
MBS,231,225,17.035555555555554,-6.0,0.2,0.16444444444444445,0.025974025974025976,0.004329004329004329
XWA,227,226,13.570796460176991,-6.0,0.1902654867256637,0.15486725663716813,0.004405286343612335,0.004405286343612335
AGS,227,219,12.488584474885844,-4.0,0.2511415525114155,0.182648401826484,0.03524229074889868,0.0
DLH,222,219,4.7534246575342465,-6.0,0.1095890410958904,0.0684931506849315,0.013513513513513514,0.0
HDN,215,213,17.737089201877936,-3.0,0.2676056338028169,0.19248826291079812,0.009302325581395349,0.0
BQN,210,210,3.4904761904761905,-6.0,0.1619047619047619,0.11428571428571428,0.0,0.0
LAN,207,200,17.695,-6.0,0.27,0.2,0.033816425120772944,0.0
ACV,203,200,17.545,-6.0,0.16,0.125,0.014778325123152709,0.0049261083743842365
MGM,199,189,48.476190476190474,-3.0,0.26455026455026454,0.2222222222222222,0.05025125628140704,0.0
ROA,197,187,34.855614973262036,-1.0,0.28342245989304815,0.22994652406417113,0.050761421319796954,0.0
YUM,197,195,10.712820512820512,-7.0,0.11282051282051282,0.09230769230769231,0.01015228426395939,0.0
LRD,193,183,18.081967213114755,-6.0,0.18032786885245902,0.12568306010928962,0.05181347150259067,0.0
EVV,191,187,24.010695187165776,-6.0,0.20855614973262032,0.13903743315508021,0.020942408376963352,0.0
ABI,181,179,5.76536312849162,-5.0,0.16759776536312848,0.12849162011173185,0.011049723756906077,0.0055248618784530384
FLG,181,179,21.279329608938546,-7.0,0.20670391061452514,0.16759776536312848,0.011049723756906077,0.0
ACK,177,169,11.781065088757396,-5.0,0.22485207100591717,0.1834319526627219,0.04519774011299435,0.0
GRK,175,170,7.864705882352941,-5.0,0.2235294117647059,0.1411764705882353,0.02857142857142857,0.0
MOB,170,164,6.420731707317073,-4.0,0.17682926829268292,0.10975609756097561,0.03529411764705882,0.0058823529411764705
BMI,169,167,7.281437125748503,-6.0,0.1317365269461078,0.10778443113772455,0.011834319526627219,0.005917159763313609
BRO,168,158,9.784810126582279,-6.0,0.18354430379746836,0.12025316455696203,0.05952380952380952,0.0
MHK,167,160,14.7875,-4.0,0.16875,0.11875,0.041916167664670656,0.0
AZO,163,156,8.076923076923077,-6.0,0.14743589743589744,0.1282051282051282,0.04294478527607362,0.0
HLN,161,161,10.124223602484472,-6.0,0.16149068322981366,0.12422360248447205,0.0,0.012422360248447204
STX,158,157,19.929936305732483,-5.0,0.21656050955414013,0.15286624203821655,0.006329113924050633,0.0
RDD,155,152,6.184210526315789,-7.0,0.17763157894736842,0.13815789473684212,0.01935483870967742,0.0
MQT,151,147,21.346938775510203,-6.0,0.19727891156462585,0.14965986394557823,0.026490066225165563,0.0
TRI,149,148,21.58783783783784,-2.0,0.27702702702702703,0.22972972972972974,0.006711409395973154,0.0
CMI,149,146,6.671232876712328,-4.0,0.136986301369863,0.11643835616438356,0.020134228187919462,0.0
AVP,144,138,13.159420289855072,-6.0,0.13768115942028986,0.10869565217391304,0.041666666666666664,0.0
BLV,138,138,16.920289855072465,-5.5,0.2753623188405797,0.21739130434782608,0.0,0.0
ELM,132,132,8.075757575757576,-6.0,0.17424242424242425,0.12121212121212122,0.0,0.0
SIT,122,121,2.5041322314049586,-8.0,0.2231404958677686,0.1322314049586777,0.00819672131147541,0.0
LCK,122,122,19.983606557377048,-5.0,0.2459016393442623,0.18032786885245902,0.0,0.0
CHO,121,120,10.625,-4.0,0.15833333333333333,0.11666666666666667,0.008264462809917356,0.008264462809917356
PAE,120,120,9.666666666666666,-5.0,0.15,0.09166666666666666,0.0,0.016666666666666666
CLL,116,114,11.473684210526315,-7.0,0.18421052631578946,0.14035087719298245,0.017241379310344827,0.0
LCH,115,110,19.2,-7.0,0.22727272727272727,0.20909090909090908,0.043478260869565216,0.0
ACT,114,108,8.712962962962964,-7.0,0.14814814814814814,0.08333333333333333,0.05263157894736842,0.0
LAW,113,109,27.844036697247706,-7.0,0.26605504587155965,0.22935779816513763,0.035398230088495575,0.0
GUC,112,112,40.0625,-5.0,0.22321428571428573,0.1875,0.0,0.0
FSM,111,107,3.925233644859813,-5.0,0.14953271028037382,0.09345794392523364,0.04504504504504504,0.0
TYR,110,103,18.660194174757283,-5.0,0.2621359223300971,0.22330097087378642,0.06363636363636363,0.0
SJT,109,103,16.631067961165048,-8.0,0.18446601941747573,0.13592233009708737,0.05504587155963303,0.0
MVY,109,105,22.152380952380952,-3.0,0.24761904761904763,0.13333333333333333,0.045871559633027525,0.009174311926605505
RHI,108,106,7.443396226415095,-9.0,0.12264150943396226,0.12264150943396226,0.018518518518518517,0.0
MLU,107,102,16.715686274509803,-4.0,0.17647058823529413,0.13725490196078433,0.056074766355140186,0.0
RST,106,102,9.343137254901961,-7.0,0.17647058823529413,0.1568627450980392,0.03773584905660377,0.0
TTN,105,104,6.355769230769231,-10.0,0.17307692307692307,0.125,0.009523809523809525,0.009523809523809525
SLN,99,95,14.452631578947368,-8.0,0.1368421052631579,0.11578947368421053,0.04040404040404041,0.010101010101010102
GRI,99,99,13.636363636363637,-7.0,0.23232323232323232,0.1717171717171717,0.0,0.010101010101010102
AEX,99,96,12.083333333333334,-6.5,0.20833333333333334,0.19791666666666666,0.030303030303030304,0.0
ORH,97,96,10.458333333333334,-7.0,0.14583333333333334,0.07291666666666667,0.010309278350515464,0.010309278350515464
PLN,93,89,5.719101123595506,-10.0,0.16853932584269662,0.12359550561797752,0.043010752688172046,0.0
CWA,91,89,7.280898876404494,-4.0,0.2247191011235955,0.11235955056179775,0.02197802197802198,0.0
ROW,91,90,16.011111111111113,-8.0,0.2222222222222222,0.16666666666666666,0.01098901098901099,0.0
SPS,90,89,25.820224719101123,-6.0,0.2247191011235955,0.15730337078651685,0.011111111111111112,0.0
JST,89,83,32.34939759036145,-8.0,0.20481927710843373,0.1927710843373494,0.06741573033707865,0.0
ABY,88,87,20.839080459770116,-7.0,0.1724137931034483,0.13793103448275862,0.011363636363636364,0.0
LWS,87,87,2.9310344827586206,-5.0,0.05747126436781609,0.022988505747126436,0.0,0.0
PSG,85,83,1.963855421686747,-10.0,0.1566265060240964,0.10843373493975904,0.023529411764705882,0.0
ADQ,85,83,-4.614457831325301,-10.0,0.08433734939759036,0.060240963855421686,0.023529411764705882,0.0
LSE,84,82,15.231707317073171,-4.0,0.17073170731707318,0.14634146341463414,0.023809523809523808,0.0
RIW,83,81,27.012345679012345,-7.0,0.18518518518518517,0.1111111111111111,0.024096385542168676,0.0
SUX,81,81,10.938271604938272,-7.0,0.18518518518518517,0.1728395061728395,0.0,0.0
CYS,80,78,13.756410256410257,-9.0,0.1794871794871795,0.16666666666666666,0.025,0.0
MGW,80,75,29.56,-9.0,0.17333333333333334,0.16,0.0625,0.0
COD,80,76,24.25,-0.5,0.3026315789473684,0.21052631578947367,0.05,0.0375
RFD,79,79,13.683544303797468,-3.0,0.22784810126582278,0.17721518987341772,0.0,0.0
PRC,78,77,30.025974025974026,-8.0,0.2597402597402597,0.22077922077922077,0.01282051282051282,0.0
GCK,77,75,31.453333333333333,-4.0,0.25333333333333335,0.13333333333333333,0.025974025974025976,0.0
TWF,77,77,-4.337662337662338,-4.0,0.025974025974025976,0.025974025974025976,0.0,0.0
TXK,75,72,6.416666666666667,-6.0,0.1527777777777778,0.1388888888888889,0.04,0.0
CIU,75,75,11.426666666666666,-6.0,0.17333333333333334,0.14666666666666667,0.0,0.0
GCC,75,75,30.84,-8.0,0.25333333333333335,0.21333333333333335,0.0,0.0
RKS,74,73,15.493150684931507,-6.0,0.136986301369863,0.1095890410958904,0.013513513513513514,0.013513513513513514
GFK,74,74,2.8378378378378377,-4.5,0.21621621621621623,0.12162162162162163,0.0,0.0
HTS,73,71,32.014084507042256,9.0,0.4507042253521127,0.28169014084507044,0.0273972602739726,0.0136986301369863
EAU,72,71,30.633802816901408,-6.0,0.2112676056338028,0.16901408450704225,0.013888888888888888,0.0
CDV,72,70,-7.0,-12.5,0.08571428571428572,0.04285714285714286,0.027777777777777776,0.013888888888888888
ABR,72,71,10.211267605633802,-8.0,0.07042253521126761,0.07042253521126761,0.013888888888888888,0.0
WRG,71,70,-3.0,-11.0,0.11428571428571428,0.08571428571428572,0.014084507042253521,0.014084507042253521
PSE,71,71,-0.7887323943661971,-6.0,0.1267605633802817,0.08450704225352113,0.0,0.0
CMX,71,69,25.36231884057971,-7.0,0.2753623188405797,0.2463768115942029,0.028169014084507043,0.0
VCT,69,67,26.17910447761194,-8.0,0.19402985074626866,0.16417910447761194,0.028985507246376812,0.0
BET,69,66,9.757575757575758,-1.0,0.25757575757575757,0.19696969696969696,0.043478260869565216,0.0
JLN,69,63,38.42857142857143,-5.0,0.2698412698412698,0.25396825396825395,0.08695652173913043,0.0
ESC,69,66,28.37878787878788,-9.0,0.15151515151515152,0.13636363636363635,0.043478260869565216,0.0
SHR,68,66,26.454545454545453,-6.0,0.24242424242424243,0.21212121212121213,0.029411764705882353,0.0
YAK,68,65,-7.907692307692308,-15.0,0.1076923076923077,0.07692307692307693,0.04411764705882353,0.0
BFF,68,67,39.298507462686565,-10.0,0.2537313432835821,0.19402985074626866,0.014705882352941176,0.0
JMS,68,66,4.2272727272727275,-10.0,0.18181818181818182,0.16666666666666666,0.029411764705882353,0.0
DDC,68,67,34.71641791044776,-10.0,0.1791044776119403,0.16417910447761194,0.014705882352941176,0.0
EAR,67,67,8.611940298507463,-6.0,0.07462686567164178,0.07462686567164178,0.0,0.014925373134328358
MEI,67,65,15.507692307692308,-9.0,0.18461538461538463,0.13846153846153847,0.029850746268656716,0.0
DVL,67,67,6.940298507462686,-8.0,0.1791044776119403,0.16417910447761194,0.0,0.014925373134328358
GGG,67,66,36.15151515151515,-2.5,0.2727272727272727,0.22727272727272727,0.029850746268656716,0.0
PBG,64,63,27.77777777777778,-2.0,0.2698412698412698,0.23809523809523808,0.015625,0.0
DIK,64,62,11.32258064516129,-9.0,0.24193548387096775,0.1935483870967742,0.03125,0.0
HYS,64,61,18.16393442622951,-7.0,0.21311475409836064,0.21311475409836064,0.046875,0.0
CDC,63,63,-5.015873015873016,-9.0,0.031746031746031744,0.031746031746031744,0.0,0.0
SWO,62,60,16.4,-7.0,0.25,0.21666666666666667,0.03225806451612903,0.0
LBL,62,59,14.0,-9.0,0.2542372881355932,0.1864406779661017,0.04838709677419355,0.0
HOB,61,58,38.93103448275862,-5.5,0.25862068965517243,0.22413793103448276,0.04918032786885246,0.01639344262295082
INL,61,61,25.34426229508197,-10.0,0.14754098360655737,0.13114754098360656,0.0,0.0
SPI,61,60,14.416666666666666,-5.5,0.2,0.18333333333333332,0.01639344262295082,0.0
GUM,60,59,-0.2711864406779661,-5.0,0.13559322033898305,0.0847457627118644,0.016666666666666666,0.0
BJI,60,60,-2.2666666666666666,-6.5,0.1,0.06666666666666667,0.0,0.0
BPT,59,54,11.88888888888889,-8.0,0.25925925925925924,0.2222222222222222,0.0847457627118644,0.0
BRD,58,57,9.87719298245614,-9.0,0.14035087719298245,0.14035087719298245,0.017241379310344827,0.0
USA,58,57,36.75438596491228,8.0,0.43859649122807015,0.3508771929824561,0.017241379310344827,0.0
PIH,56,56,-3.5892857142857144,-9.0,0.07142857142857142,0.05357142857142857,0.0,0.0
EKO,56,56,1.7142857142857142,-11.0,0.07142857142857142,0.07142857142857142,0.0,0.0
IMT,55,55,15.672727272727272,-9.0,0.16363636363636364,0.16363636363636364,0.0,0.0
FOD,55,50,6.64,-10.0,0.2,0.14,0.09090909090909091,0.0
BTM,55,53,0.5471698113207547,-10.0,0.11320754716981132,0.07547169811320754,0.03636363636363636,0.0
APN,55,52,7.134615384615385,-10.0,0.09615384615384616,0.07692307692307693,0.05454545454545454,0.0
PIB,55,53,18.07547169811321,-7.0,0.1509433962264151,0.1320754716981132,0.03636363636363636,0.0
IAG,54,53,7.735849056603773,-7.0,0.22641509433962265,0.16981132075471697,0.018518518518518517,0.0
SWF,54,54,14.296296296296296,-1.0,0.25925925925925924,0.2037037037037037,0.0,0.0
HIB,53,53,19.50943396226415,-7.0,0.1509433962264151,0.1509433962264151,0.0,0.0
MCW,53,48,29.291666666666668,-9.0,0.16666666666666666,0.14583333333333334,0.09433962264150944,0.0
SCK,52,49,17.551020408163264,2.0,0.30612244897959184,0.20408163265306123,0.057692307692307696,0.019230769230769232
SCC,52,51,-6.901960784313726,-16.0,0.11764705882352941,0.0784313725490196,0.019230769230769232,0.0
LAR,51,48,13.645833333333334,-8.0,0.1875,0.14583333333333334,0.058823529411764705,0.0
LBF,51,50,5.7,-10.0,0.14,0.14,0.0196078431372549,0.0
OME,51,50,9.74,-7.0,0.22,0.16,0.0196078431372549,0.0
CLD,49,49,-4.061224489795919,-5.0,0.0,0.0,0.0,0.0
DEC,49,48,13.270833333333334,-10.0,0.125,0.125,0.02040816326530612,0.0
LBE,49,48,30.791666666666668,-7.5,0.22916666666666666,0.1875,0.02040816326530612,0.0
PSM,47,47,17.23404255319149,-10.0,0.14893617021276595,0.10638297872340426,0.0,0.0
SCE,46,45,14.066666666666666,-7.0,0.2,0.15555555555555556,0.021739130434782608,0.0
SPN,44,44,23.772727272727273,-6.5,0.11363636363636363,0.09090909090909091,0.0,0.0
FAY,41,41,34.09756097560975,-2.0,0.3170731707317073,0.24390243902439024,0.0,0.0
OTZ,41,38,6.947368421052632,-11.5,0.18421052631578946,0.13157894736842105,0.07317073170731707,0.0
WYS,41,40,1.475,-9.0,0.075,0.05,0.024390243902439025,0.0
OTH,39,39,-2.7435897435897436,-5.0,0.02564102564102564,0.02564102564102564,0.0,0.02564102564102564
TOL,38,38,19.342105263157894,2.0,0.2894736842105263,0.21052631578947367,0.0,0.02631578947368421
GUF,37,37,44.108108108108105,-6.0,0.24324324324324326,0.24324324324324326,0.0,0.0
ALO,35,34,22.08823529411765,-3.0,0.2647058823529412,0.20588235294117646,0.02857142857142857,0.0
ATY,32,32,10.125,-6.5,0.15625,0.09375,0.0,0.0
BRW,32,31,15.0,6.0,0.3548387096774194,0.1935483870967742,0.03125,0.0
HYA,31,31,80.61290322580645,-3.0,0.22580645161290322,0.1935483870967742,0.0,0.03225806451612903
HGR,30,29,14.551724137931034,4.0,0.3103448275862069,0.2413793103448276,0.03333333333333333,0.0
OAJ,27,26,6.384615384615385,-4.5,0.23076923076923078,0.19230769230769232,0.037037037037037035,0.0
FMN,27,27,9.74074074074074,-6.0,0.1111111111111111,0.07407407407407407,0.0,0.0
EWN,26,26,18.03846153846154,3.5,0.34615384615384615,0.11538461538461539,0.0,0.0
BIH,25,25,31.96,0.0,0.32,0.24,0.0,0.0
BGM,25,24,-3.5416666666666665,-6.0,0.08333333333333333,0.08333333333333333,0.04,0.0
PIR,23,23,15.043478260869565,-9.0,0.17391304347826086,0.13043478260869565,0.0,0.0
CKB,21,20,50.85,26.0,0.65,0.45,0.047619047619047616,0.0
PQI,21,20,-0.75,-3.0,0.1,0.05,0.047619047619047616,0.0
SMX,20,20,16.5,-5.0,0.25,0.2,0.0,0.0
GTR,18,18,20.61111111111111,-1.0,0.3333333333333333,0.3333333333333333,0.0,0.05555555555555555
AKN,17,17,-5.705882352941177,-7.0,0.058823529411764705,0.058823529411764705,0.0,0.0
LAF,16,15,68.06666666666666,1.0,0.3333333333333333,0.26666666666666666,0.0625,0.0
STC,15,15,60.0,8.0,0.4,0.2,0.0,0.0
ADK,12,10,-20.4,-15.0,0.0,0.0,0.16666666666666666,0.0
PPG,12,12,-1.5,-3.5,0.08333333333333333,0.0,0.0,0.0
DLG,11,11,-12.545454545454545,-11.0,0.0,0.0,0.0,0.0
GST,8,8,-13.75,-12.5,0.0,0.0,0.0,0.0
DHN,5,5,148.0,-10.0,0.2,0.2,0.0,0.0
ERI,4,4,-12.0,-12.0,0.0,0.0,0.0,0.0
VRB,3,3,156.0,10.0,0.3333333333333333,0.3333333333333333,0.0,0.0
