variable,importance
scheduled_hour,0.62992371301392
month,0.10493060548807912
distance_1000_miles,0.026864868113235036
carrier_model_WN,0.025365559984519354
origin_model_DFW,0.021693046631411948
day_of_week_Wtorek,0.020603858261908397
carrier_model_OO,0.01668861790956745
origin_model_OTHER,0.0156925391475771
day_of_week_Niedziela,0.013327840573935074
day_of_week_Sroda,0.011304055608377276
carrier_model_DL,0.007738899266878373
origin_model_DEN,0.0071055185639059175
carrier_model_MQ,0.006290302434046784
carrier_model_YX,0.006140862914994988
carrier_model_F9,0.006068931461862063
origin_model_SLC,0.005608159105686327
carrier_model_UA,0.004941113397123808
dest_model_BOS,0.004628953688477239
day_of_week_Poniedzialek,0.004077885576428674
carrier_model_OH,0.003978494355451562
origin_model_ORD,0.003577580365943003
origin_model_LAX,0.003275964495402809
day_of_week_Sobota,0.003262773685173233
dest_model_SLC,0.0029518513599315873
dest_model_OTHER,0.0028357339311136176
dest_model_DFW,0.0027637658087722207
origin_model_SFO,0.0027033424042038606
dest_model_EWR,0.0021828489526081124
dest_model_DEN,0.0021049597398412525
carrier_model_B6,0.0019981102661169093
dest_model_ORD,0.0017806244458438115
day_of_week_Piatek,0.001679409220813805
dest_model_DCA,0.0015955249499978133
dest_model_LAX,0.001436422484048745
origin_model_BOS,0.0013793057185445723
carrier_model_OTHER,0.0012572180570973154
origin_model_DCA,0.0012364834089550996
carrier_model_AS,0.0011806957325773415
origin_model_SEA,0.0011334813131753674
dest_model_LGA,0.0011127347389192554
origin_model_MCO,0.0011087113402736674
origin_model_CLT,0.0009948063088336054
dest_model_SFO,0.0009832678178841733
origin_model_MIA,0.0009522736752734058
dest_model_SEA,0.00091596546592774
origin_model_LAS,0.0009088642123289946
dest_model_MSP,0.0008938660219672794
origin_model_DTW,0.0008744879332861633
dest_model_LAS,0.0008201989747069189
origin_model_PHX,0.0008161637701500273
carrier_model_NK,0.000759448115683294
dest_model_PHX,0.000729026374685449
dest_model_MCO,0.0007187505761844662
origin_model_LGA,0.0007040238209036911
origin_model_MSP,0.0006875863945772987
dest_model_CLT,0.0005636463406797441
dest_model_IAH,0.0004978852943692314
origin_model_IAH,0.00046267151085641945
origin_model_EWR,0.00043009307955729884
dest_model_DTW,0.00042115605720749623
dest_model_MIA,0.00033445033819742663
